2,ARTRAX,2
2,AVON,2
2,BARDAHL,2
2,BARUM,2
2,BRIDGESTONE,2
2,CHENG SHIN,2
2,CIND,2
2,CONTINENTAL,2
2,DEBICA,2
2,DUNLOP,2
2,INNOVA,2
2,KYOTO,2
2,MAXXIS,2
2,METZELER,2
2,MICHELIN,2
2,MXONDA,2
2,NUETECH,2
2,PIRELLI,2
2,PMT,2
2,TRELLEBORG,2
2,USADO,2
2,ZETUM,2
2,HZ,2
2,MX-ONDA,2
2,SAVA,2
2,VALENTO,2
2,XC-TING,2
2,PUBLYNOL,2
2,GALFER,2
2,OTROS,2
2,YUASA,2
2,CEAT,2
2,DELITIRE,2
2,TOYO,2
2,TKM,2
2,DURO,2
2,KENDA,2
2,BKT,2
2,SUN-F,2
2,MAXIMA,2
2,DESTONE,2
2,DOUGLAS,2
2,TITAN,2
2,TRAYAL,2
2,HEIDENAU,2
2,MEFO,2
2,GOLDENTYRE,2
2,NANKANG,2
2,HANKOOK,2
2,GENERICA,2
2,LINSWOOD,2
2,QUICK,2
2,GREEN,2
