"", Categorias,1
"", Marcas,2
1, Motocicletas,1
3, Neumaticos,1
3, Camaras,1
3, Mousse,1
3, Tubliss,1
3, Protector Llanta,1
1, ATV-Quads,1
9, Neumaticos,1
9, Camaras,1
1, Scooter,1
12, Neumaticos,1
12, Camaras,1
1, Mini-Motos,1
15, Neumaticos,1
1, Remolques,1
17, Neumaticos,1
1, Bicicletas,1
19, Neumaticos,1
1, Karts,1
21, Neumaticos,1
1, Otros,1
1, Accesorios,1
24, Aceites,1
24, Baterias,1
24, Desengrasantes,1
24, Discos de Freno,1
24, Pastillas de Freno,1
24, Frenantes de Rueda,1
24, Desmontables,1
